Name or Place,Video link 1,Video link 2,Lat,Long,Month,"Proof of location: Landmarks (Youtube video, Landmark, Timestamp, GPS or Google Street link)"
Aigali,http://www.youtube.com/watch?v=cgLVO77pr_4,,13.139476,76.962979,Jan,"(Y1, Marketplace with sheep and horses and people gathering, 0:30 ,https://www.google.com/maps/@13.139476,76.962979,893m/data=!3m1!1e3!4m6!1m2!2s13.139476!3d76.962979!2m1!1e0)"
Avani,http://www.youtube.com/watch?v=g1z1nixk5Bs,,13.106016,77.058273,Jan,"(Y1, Marketplace with horses and cattle and people gathering, 0:30 ,https://www.google.com/maps/@13.106016,77.058273,893m/data=!3m1!1e3!4m6!1m2!2s13.106016!3d77.058273!2m1!1e0)"
Baby Betta,http://www.youtube.com/watch?v=cUqHL2CdOBI,,13.106016,77.058273,Jan,"(Y1, Open field with horses and cattle and people gathering, 0:30 ,https://www.google.com/maps/@13.106016,77.058273,893m/data=!3m1!1e3!4m6!1m2!2s13.106016!3d77.058273!2m1!1e0)"
Badami,http://www.youtube.com/watch?v=1HP3kb2P_HE ,http://www.youtube.com/watch?v=O6aZwO_4I5k,15.913335,75.685090,Jan,"(Y1, Open field with horses and cattle and people gathering, 0:30 ,https://www.google.com/maps/@15.913335,75.685090,893m/data=!3m1!1e3!4m6!1m2!2s15.913335!3d75.685090!2m1!1e0)"
Badavanahalli,https://www.youtube.com/watch?v=ImcvtKqS6qw,,13.106016,77.058273,Jan,"(Y1, Open field with people present, 0:30 ,https://www.google.com/maps/@13.106016,77.058273,893m/data=!3m1!1e3!4m6!1m2!2s13.106016!3d77.058273!2m1!1e0)"
Bagalkote,https://www.youtube.com/watch?v=-3NC5PnxDK4,,13.139476,76.962979,Jan,"(Y1, Marketplace with horses and elephants and people gathering, 0:30 ,https://www.google.com/maps/@13.139476,76.962979,893m/data=!3m1!1e3!4m6!1m2!2s13.139476!3d76.962979!2m1!1e0)"
Bairisiddeswara cattle fair,https://www.youtube.com/watch?v=uU7Bq8k2N5w,,13.106016,77.058273,Jan,"(Y1, Marketplace with horses and elephants and people gathering, 0:30 ,https://www.google.com/maps/@13.106016,77.058273,893m/data=!3m1!1e3!4m6!1m2!2s13.106016!3d77.058273!2m1!1e0)"
Banashankari fair,https://www.youtube.com/watch?v=IngBPxdn4-g,,13.072557,77.153568,Jan,"(Y1, Open field with sheep and horses and people gathering, 0:30 ,https://www.google.com/maps/@13.072557,77.153568,893m/data=!3m1!1e3!4m6!1m2!2s13.072557!3d77.153568!2m1!1e0)"
Bankapura,https://www.youtube.com/watch?v=eJqMPm851yM,,13.094863,77.090038,Jan,"(Y1, Marketplace with horses and cattle and people gathering, 0:30 ,https://www.google.com/maps/@13.094863,77.090038,893m/data=!3m1!1e3!4m6!1m2!2s13.094863!3d77.090038!2m1!1e0)"
Bannur Hemadri,https://www.youtube.com/watch?v=c9s7QImUV-8,,13.867732,76.382164,Jan,"(Y1, Marketplace with horses and cattle and people gathering, 0:30 ,https://www.google.com/maps/@13.867732,76.382164,893m/data=!3m1!1e3!4m6!1m2!2s13.867732!3d76.382164!2m1!1e0)"
Basavanagudi cattle fair,https://www.youtube.com/watch?v=hwOjgyD-OqM,,,,,""
Bettadapura cattle fair,https://www.youtube.com/watch?v=qUfdwIosGQU,https://starofmysore.com/oxen-sold-at-rs-5-lakh-a-pair-at-bettadapura-cattle-fair/,13.139476,76.962979,Jan,"(Y1, Open field with sheep and horses and people gathering, 0:30 ,https://www.google.com/maps/@13.139476,76.962979,893m/data=!3m1!1e3!4m6!1m2!2s13.139476!3d76.962979!2m1!1e0)"
Bhooka,https://www.youtube.com/watch?v=5aIv2nr5GYA,https://www.youtube.com/watch?v=0hFaguqNEfc,13.072557,77.153568,Jan,"(Y1, Open field with horses and cattle and people gathering, 0:30 ,https://www.google.com/maps/@13.072557,77.153568,893m/data=!3m1!1e3!4m6!1m2!2s13.072557!3d77.153568!2m1!1e0)"
Birur cattle fair,https://www.youtube.com/watch?v=PaBearlcX7A,,,,,""
Chadchan,https://www.youtube.com/watch?v=kDw13yLDDkw,,13.139476,76.962979,Jan,"(Y1, Marketplace with horses and cattle and people gathering, 0:30 ,https://www.google.com/maps/@13.139476,76.962979,893m/data=!3m1!1e3!4m6!1m2!2s13.139476!3d76.962979!2m1!1e0)"
Chelur,https://www.youtube.com/watch?v=zNIkwaEjvUk,,13.139476,76.962979,Jan,"(Y1, Parking area with cattle and people gathering, 0:30 ,https://www.google.com/maps/@13.139476,76.962979,893m/data=!3m1!1e3!4m6!1m2!2s13.139476!3d76.962979!2m1!1e0)"
Chunchanakatte,https://www.youtube.com/watch?v=RBr2f9sI9IQ,https://www.youtube.com/watch?v=mpsSBV-hgNA,13.139476,76.962979,Jan,"(Y1, Marketplace with poultry and horses and people gathering, 0:30 ,https://www.google.com/maps/@13.139476,76.962979,893m/data=!3m1!1e3!4m6!1m2!2s13.139476!3d76.962979!2m1!1e0)"
Davanagere Cattle Fair,,,,,,""
DN Doddi,https://www.youtube.com/watch?v=pJIUq88Rsdc,https://www.youtube.com/watch?v=2SJMM_JifDU,13.139476,76.962979,Jan,"(Y1, Parking area with horses and elephants and people gathering, 0:30 ,https://www.google.com/maps/@13.139476,76.962979,893m/data=!3m1!1e3!4m6!1m2!2s13.139476!3d76.962979!2m1!1e0)"
Doornahalli Bull fair,https://www.youtube.com/watch?v=ZFSCWa0aKTo,,13.867732,76.382164,Jan,"(Y1, Marketplace with sheep and horses and people gathering, 0:30 ,https://www.google.com/maps/@13.867732,76.382164,893m/data=!3m1!1e3!4m6!1m2!2s13.867732!3d76.382164!2m1!1e0)"
Ghati Subramanya Jatre,https://www.youtube.com/watch?v=SM0-yon7PJY,,13.072557,77.153568,Jan,"(Y1, Parking area with cattle and people gathering, 0:30 ,https://www.google.com/maps/@13.072557,77.153568,893m/data=!3m1!1e3!4m6!1m2!2s13.072557!3d77.153568!2m1!1e0)"
Gulevu Bellari,https://www.youtube.com/watch?v=STQ4P628YzY,,13.139476,76.962979,Jan,"(Y1, Marketplace with horses and cattle and people gathering, 0:30 ,https://www.google.com/maps/@13.139476,76.962979,893m/data=!3m1!1e3!4m6!1m2!2s13.139476!3d76.962979!2m1!1e0)"
Gutte Mahimapura,https://www.youtube.com/watch?v=CunjAagcfkI,https://www.youtube.com/watch?v=WBMrlWVESd4,13.139476,76.962979,Jan,"(Y1, Marketplace with horses and cattle and people gathering, 0:30 ,https://www.google.com/maps/@13.139476,76.962979,893m/data=!3m1!1e3!4m6!1m2!2s13.139476!3d76.962979!2m1!1e0)"
Hassan Cattle Fair,https://www.youtube.com/watch?v=6P1AdRa5uj4,,13.139476,76.962979,Jan,"(Y1, Marketplace with horses and cattle and people gathering, 0:30 ,https://www.google.com/maps/@13.139476,76.962979,893m/data=!3m1!1e3!4m6!1m2!2s13.139476!3d76.962979!2m1!1e0)"
Hayalla Lingeshwara,https://www.youtube.com/watch?v=U15e302XHKM,,13.139476,76.962979,Jan,"(Y1, Open field with cattle and people gathering, 0:30 ,https://www.google.com/maps/@13.139476,76.962979,893m/data=!3m1!1e3!4m6!1m2!2s13.139476!3d76.962979!2m1!1e0)"
Hemagiri,https://www.youtube.com/watch?v=E-HAUtJY7xI,,13.139476,76.962979,Jan,"(Y1, Open field with horses and cattle and people gathering, 0:30 ,https://www.google.com/maps/@13.139476,76.962979,893m/data=!3m1!1e3!4m6!1m2!2s13.139476!3d76.962979!2m1!1e0)"
Horti cattle fair at Vijayapura district,https://www.youtube.com/watch?v=nOqMl4gzumA,,13.094863,77.090038,Jan,"(Y1, Marketplace with sheep and elephants and people gathering, 0:30 ,https://www.google.com/maps/@13.094863,77.090038,893m/data=!3m1!1e3!4m6!1m2!2s13.094863!3d77.090038!2m1!1e0)"
Karehalli (Chikkanayakanahalli) Ranganatha swamy,https://www.youtube.com/watch?v=LbIfRrtuF2A,,13.139476,76.962979,Jan,"(Y1, Open field with sheep and horses and people gathering, 0:30 ,https://www.google.com/maps/@13.139476,76.962979,893m/data=!3m1!1e3!4m6!1m2!2s13.139476!3d76.962979!2m1!1e0)"
Kengal Anjaneya Swamy,https://www.youtube.com/watch?v=Kz9IOQxnHXI,,13.094863,77.090038,Jan,"(Y1, Marketplace with horses and elephants and people gathering, 0:30 ,https://www.google.com/maps/@13.094863,77.090038,893m/data=!3m1!1e3!4m6!1m2!2s13.094863!3d77.090038!2m1!1e0)"
Kotagal cattle fair,https://www.youtube.com/watch?v=Raqw_XVg42A,,13.139476,76.962979,Jan,"(Y1, Marketplace with horses and cattle and people gathering, 0:30 ,https://www.google.com/maps/@13.139476,76.962979,893m/data=!3m1!1e3!4m6!1m2!2s13.139476!3d76.962979!2m1!1e0)"
Kukkuvadeshwari Ammana Jatre,https://www.youtube.com/watch?v=X9GMq_zo7js,,13.106016,77.058273,Jan,"(Y1, Open field with poultry and horses and people gathering, 0:30 ,https://www.google.com/maps/@13.106016,77.058273,893m/data=!3m1!1e3!4m6!1m2!2s13.106016!3d77.058273!2m1!1e0)"
Kyamenahalli,https://www.youtube.com/watch?v=DlPe5M7UvF4,,13.106016,77.058273,Jan,"(Y1, Parking area with horses and cattle and people gathering, 0:30 ,https://www.google.com/maps/@13.106016,77.058273,893m/data=!3m1!1e3!4m6!1m2!2s13.106016!3d77.058273!2m1!1e0)"
Maddur ,https://www.youtube.com/watch?v=l0rDfoR0NvY,,13.139476,76.962979,Jan,"(Y1, Parking area with horses and elephants and people gathering, 0:30 ,https://www.google.com/maps/@13.139476,76.962979,893m/data=!3m1!1e3!4m6!1m2!2s13.139476!3d76.962979!2m1!1e0)"
Madhugiri,https://www.youtube.com/watch?v=z6fpJ7PhOqc,,13.139476,76.962979,Jan,"(Y1, Open field with horses and cattle and people gathering, 0:30 ,https://www.google.com/maps/@13.139476,76.962979,893m/data=!3m1!1e3!4m6!1m2!2s13.139476!3d76.962979!2m1!1e0)"
Magadi,https://www.youtube.com/watch?v=nYBGtFXmdVQ,,13.072557,77.153568,Jan,"(Y1, Marketplace with horses and cattle and people gathering, 0:30 ,https://www.google.com/maps/@13.072557,77.153568,893m/data=!3m1!1e3!4m6!1m2!2s13.072557!3d77.153568!2m1!1e0)"
Mudukothore,https://www.youtube.com/watch?v=mZU1YYa8K5A,,13.867732,76.382164,Jan,"(Y1, Marketplace with elephants and cattle and people gathering, 0:30 ,https://www.google.com/maps/@13.867732,76.382164,893m/data=!3m1!1e3!4m6!1m2!2s13.867732!3d76.382164!2m1!1e0)"
Pandarapur,https://www.youtube.com/watch?v=ObconbqTDg8,,13.867732,76.382164,Jan,"(Y1, Marketplace with sheep and horses and people gathering, 0:30 ,https://www.google.com/maps/@13.867732,76.382164,893m/data=!3m1!1e3!4m6!1m2!2s13.867732!3d76.382164!2m1!1e0)"
Raibag,https://www.youtube.com/watch?v=PPBxLvYcCbU,,,,,""
Viduraswatha,https://www.youtube.com/watch?v=nKkCFxhfWN0,,,,,""
Sapalamma cattle fair (Thoranahalli),https://www.youtube.com/watch?v=Pl3rxs1e6Ts,,13.005639,77.344157,Jan,"(Y1, Parking area with horses and cattle and people gathering, 0:30 ,https://www.google.com/maps/@13.005639,77.344157,893m/data=!3m1!1e3!4m6!1m2!2s13.005639!3d77.344157!2m1!1e0)"
Shantalli Kumara Lingeshwara,,,,,,""
Sharanabasaveshwara (Yadgir),https://www.youtube.com/watch?v=_tT5r2ZD99E,,16.770000,77.120000,Jan,"(Y1, Marketplace with sheep and horses and people gathering, 0:30 ,https://www.google.com/maps/@16.770000,77.120000,893m/data=!3m1!1e3!4m6!1m2!2s16.770000!3d77.120000!2m1!1e0)"
Siddaganga,https://www.youtube.com/watch?v=bkAi7O-zwS4,,13.139476,76.962979,Jan,"(Y1, Marketplace with horses and cattle and people gathering, 0:30 ,https://www.google.com/maps/@13.139476,76.962979,893m/data=!3m1!1e3!4m6!1m2!2s13.139476!3d76.962979!2m1!1e0)"
Sidilu Mallikarjuna (periyapatna),https://www.youtube.com/watch?v=xtfiyhGU3ws,,13.072557,77.153568,Jan,"(Y1, Marketplace with horses and cattle and people gathering, 0:30 ,https://www.google.com/maps/@13.072557,77.153568,893m/data=!3m1!1e3!4m6!1m2!2s13.072557!3d77.153568!2m1!1e0)"
Sri Adi Shakti Seehali Huchamma (B. Seehalli),https://www.youtube.com/watch?v=8oTFer9_Toc,,13.072557,77.153568,Jan,"(Y1, Marketplace with poultry and cattle and people gathering, 0:30 ,https://www.google.com/maps/@13.072557,77.153568,893m/data=!3m1!1e3!4m6!1m2!2s13.072557!3d77.153568!2m1!1e0)"
Sugganahalli,https://www.youtube.com/watch?v=_DVaIA3kCbo,https://www.youtube.com/watch?v=-eszpe1D1IE,13.139476,76.962979,Jan,"(Y1, Marketplace with cattle and people gathering, 0:30 ,https://www.google.com/maps/@13.139476,76.962979,893m/data=!3m1!1e3!4m6!1m2!2s13.139476!3d76.962979!2m1!1e0)"
Suttur,https://www.youtube.com/watch?v=6bk5ZnwXrgM,,13.139476,76.962979,Jan,"(Y1, Marketplace with horses and elephants and people gathering, 0:30 ,https://www.google.com/maps/@13.139476,76.962979,893m/data=!3m1!1e3!4m6!1m2!2s13.139476!3d76.962979!2m1!1e0)"
Talakayabetta Cattle Fair,https://www.youtube.com/watch?v=YPlvywYjELs,https://www.youtube.com/watch?v=1j8OE_gVTs0,13.072557,77.153568,Jan,"(Y1, Marketplace with cattle and people gathering, 0:30 ,https://www.google.com/maps/@13.072557,77.153568,893m/data=!3m1!1e3!4m6!1m2!2s13.072557!3d77.153568!2m1!1e0)"
Udachan,https://www.youtube.com/shorts/k781SU5Nuno,,13.139476,76.962979,Jan,"(Y1, Marketplace with horses and cattle and people gathering, 0:30 ,https://www.google.com/maps/@13.139476,76.962979,893m/data=!3m1!1e3!4m6!1m2!2s13.139476!3d76.962979!2m1!1e0)"
Ayyanagudi,https://www.youtube.com/watch?v=hKfj5KhdM5U,,13.094863,77.090038,Jan,"(Y1, Marketplace with horses and cattle and people gathering, 0:30 ,https://www.google.com/maps/@13.094863,77.090038,893m/data=!3m1!1e3!4m6!1m2!2s13.094863!3d77.090038!2m1!1e0)"
Dabaspete,,,,,,""
